"Country";"Year";"Total_Energy_Consumption";"Total_Carbon_Emissions";"Avg_Renewable_Energy_Share";"Avg_Fossil_Fuel_Dependency";"Avg_Industrial_Energy_Use";"Avg_Household_Energy_Use";"Weighted_Per_Capita_Energy_Use";"Weighted_Energy_Price_Index"
"Australia";2000;151786.59;108024.43;51.23102564102564;47.34948717948719;38.0569230769231;26.329487179487185;28520.41897435898;0.29538461538461536
"Australia";2001;204135.16999999993;100643.96000000002;40.7035;49.09425000000002;40.466750000000005;22.95625;25057.035249999997;0.25575000000000003
"Australia";2002;226047.36999999994;90968.54000000001;46.52428571428573;37.495999999999995;37.876571428571424;24.408285714285714;19923.462285714286;0.24828571428571428
"Australia";2003;160481.91;71933.86;49.66966666666667;48.977666666666664;42.699333333333335;24.01;20259.825999999997;0.2786666666666667
"Australia";2004;208030.18999999994;92671.87;46.077777777777776;44.23638888888888;42.53555555555556;24.48777777777778;24912.972777777788;0.3025
"Australia";2005;150201.6;82069.31999999999;44.65636363636364;47.56212121212122;39.897272727272735;23.41060606060606;26556.791818181817;0.2445454545454545
"Australia";2006;191742.53;97092.6;43.101162790697686;45.50488372093023;39.80790697674418;24.74651162790698;25962.484418604654;0.2644186046511628
"Australia";2007;218192.40999999997;114113.03;43.25604651162789;46.736976744186045;42.19162790697675;25.910000000000004;26616.312325581395;0.2546511627906977
"Australia";2008;229204.5499999999;106474.73999999998;47.44048780487805;42.08341463414634;41.13097560975609;24.51658536585366;24892.868780487795;0.2558536585365855
"Australia";2009;213888.55000000005;101251.97999999998;43.98622222222222;43.506444444444426;40.02799999999999;24.12533333333333;21855.41888888889;0.23666666666666666
"Australia";2010;162542.18;97173.77999999998;49.3754054054054;43.27054054054054;38.29486486486487;25.34891891891892;22231.041081081083;0.27486486486486494
"Australia";2011;218216.77000000002;117624.59999999999;45.87065217391306;46.31391304347825;40.65630434782609;24.77434782608696;27791.481304347835;0.271304347826087
"Australia";2012;206731.12000000002;112318.11000000002;56.30341463414636;47.563658536585365;37.980000000000004;25.8509756097561;27735.057073170734;0.2660975609756098
"Australia";2013;229823.87999999998;125027.68000000002;46.77956521739129;44.62239130434783;41.6445652173913;26.21804347826087;23350.908260869564;0.31739130434782614
"Australia";2014;276613.8599999999;144125.68;42.41125;48.796964285714296;38.976607142857134;26.439642857142854;25364.75142857143;0.29696428571428574
"Australia";2015;265745.08999999997;144326.11000000004;48.95074074074075;43.87592592592594;37.44388888888889;24.658888888888892;24961.51851851852;0.24481481481481493
"Australia";2016;169072.50000000006;80079.94999999998;50.62088235294118;43.85970588235292;41.85529411764707;22.337058823529418;25890.651470588233;0.2520588235294119
"Australia";2017;242955.21000000002;128356.09000000001;45.99520833333333;40.23916666666667;41.79166666666668;24.801666666666666;25326.741250000003;0.2541666666666666
"Australia";2018;229746.86;96054.71000000002;54.04205128205127;47.762051282051296;39.54230769230768;23.6576923076923;26945.71769230769;0.25461538461538463
"Australia";2019;194584.18;96379.32000000004;48.1175;43.47833333333334;41.211666666666666;23.575000000000003;25514.67888888888;0.2622222222222222
"Australia";2020;188146.89999999997;94873.21999999997;49.16675;40.37875;40.522499999999994;27.069749999999992;26129.687000000005;0.24074999999999996
"Australia";2021;195881.40999999997;107768.72000000002;43.37923076923077;46.74871794871796;38.72307692307692;23.187179487179485;28094.04846153846;0.2607692307692308
"Australia";2022;212780.81;109937.68000000002;46.67875;44.335250000000016;38.422999999999995;26.02675;26682.763250000007;0.2565
"Australia";2023;178564.46999999997;105924.14;53.01361111111112;44.27083333333334;41.125;25.76361111111111;25299.542499999996;0.3194444444444445
"Australia";2024;227091.94999999995;109404.74;49.57113636363636;49.08886363636362;39.52363636363637;25.832954545454548;24888.194545454542;0.2924999999999999
"Brazil";2000;117926.48999999998;85794.17;48.048125;47.80187499999998;42.193437499999995;24.990625;29793.704062500005;0.26187499999999997
"Brazil";2001;168205.05000000002;92097.39;45.09171428571429;47.10457142857143;43.534571428571425;25.580000000000005;26107.75142857143;0.2394285714285715
"Brazil";2002;155924.81;88326.98;47.07272727272727;43.66424242424242;38.23333333333333;24.945757575757575;27610.413333333334;0.2745454545454546
"Brazil";2003;215399.52999999994;121044.54999999997;45.271707317073165;46.921463414634154;41.565609756097565;24.711951219512194;27598.814878048783;0.2692682926829268
"Brazil";2004;182161.95000000004;87943.79999999999;50.24702702702704;49.530810810810806;39.68162162162162;23.52648648648649;27587.250540540535;0.2472972972972973
"Brazil";2005;178265.30999999997;94834.01000000002;40.59243243243243;46.483513513513515;39.18864864864865;26.845135135135127;27403.589459459457;0.2978378378378379
"Brazil";2006;187384.44000000003;106807.42000000001;47.550749999999994;43.86675000000001;44.92374999999999;23.995250000000006;24060.029750000005;0.22774999999999995
"Brazil";2007;193822.34999999998;99575.55000000002;43.71459459459458;45.25594594594594;42.171621621621625;24.67054054054054;27780.81432432432;0.29891891891891886
"Brazil";2008;190534.45999999996;83037.62000000002;40.27945945945947;35.36486486486488;39.211351351351354;24.833513513513513;22635.72405405405;0.23648648648648649
"Brazil";2009;140326.83999999997;73901.43000000002;48.48033333333333;40.69933333333333;39.915;25.72166666666667;21825.191666666666;0.26599999999999996
"Brazil";2010;154191.81;80904.59999999999;54.60843749999998;45.965937499999995;41.2346875;24.66625;24038.7134375;0.24875000000000003
"Brazil";2011;203382.21;81962.31000000001;45.61210526315791;40.14605263157895;42.08631578947367;26.853157894736835;27187.134473684215;0.2889473684210526
"Brazil";2012;201948.27;110392.29000000001;43.98142857142856;41.632619047619045;43.119761904761894;24.856190476190477;25048.45238095238;0.28119047619047627
"Brazil";2013;141396.74999999997;96195.87;52.77263157894737;47.9028947368421;38.73868421052631;22.567105263157895;26678.136315789478;0.28394736842105267
"Brazil";2014;227409.21000000005;121515.31999999998;41.79919999999999;43.31939999999999;41.2636;26.57340000000001;23736.0316;0.2836
"Brazil";2015;165238.33;83115.43999999999;42.94135135135136;48.58648648648648;40.888648648648655;26.215675675675676;23889.467027027033;0.25216216216216214
"Brazil";2016;213324.09;98762.66000000002;49.430487804878055;42.40975609756097;38.45414634146342;26.60121951219512;26285.644634146334;0.2965853658536585
"Brazil";2017;221485.16999999998;103896.94000000002;53.247954545454554;44.730681818181814;40.046136363636364;22.47909090909091;23482.269090909096;0.24954545454545454
"Brazil";2018;224143.8899999999;134444.68000000002;49.60306122448979;45.086122448979594;37.56979591836734;24.42591836734694;24011.546938775515;0.24836734693877555
"Brazil";2019;182396.36;98391.2;40.54243243243243;42.16513513513513;39.19081081081082;24.66081081081081;27712.210270270265;0.3005405405405406
"Brazil";2020;268126.81;135347.39000000007;45.09740740740741;47.80777777777777;38.699629629629634;26.96851851851852;21371.688148148147;0.26740740740740737
"Brazil";2021;181313.02000000002;107587.25;46.182;42.50025000000001;41.15100000000001;25.73675;22826.027499999997;0.30425
"Brazil";2022;204974.00999999995;79743.17000000001;53.551212121212124;47.26818181818182;39.179999999999986;24.401212121212126;20732.595757575764;0.31575757575757574
"Brazil";2023;151484.02;71568.6;49.746206896551726;47.67137931034481;40.59344827586207;25.655862068965526;24981.717586206898;0.27999999999999997
"Brazil";2024;202661.91000000003;108307.30999999998;51.7271794871795;44.384615384615394;41.492820512820515;25.888974358974355;28180.42076923077;0.28461538461538466
"Canada";2000;242833.50000000006;101355.91;53.06977272727273;41.26931818181819;38.26613636363636;25.441136363636364;23702.952045454545;0.26522727272727276
"Canada";2001;180372.15999999997;81670.67999999998;49.55444444444445;41.09888888888889;37.61638888888889;24.258888888888883;28981.876111111113;0.30305555555555547
"Canada";2002;181877.42000000004;86772.03000000001;48.51846153846155;47.06461538461538;35.50564102564102;24.62076923076923;26679.7758974359;0.2971794871794872
"Canada";2003;180616.33000000002;82036.44;46.2741935483871;41.26870967741935;37.78451612903224;23.23967741935484;24595.780322580646;0.2751612903225807
"Canada";2004;233139.7300000001;118535.23000000001;47.65071428571429;40.3152380952381;38.467619047619046;25.703095238095237;24104.833333333332;0.2642857142857143
"Canada";2005;226593.14999999994;97011.19000000002;37.03564102564103;47.16538461538461;39.832564102564106;23.816153846153846;24473.056666666664;0.28564102564102567
"Canada";2006;183690.22000000006;96213.24000000002;52.75722222222221;49.11194444444444;38.99888888888889;27.581388888888885;24491.17305555556;0.27
"Canada";2007;219467.97999999998;103095.91999999998;46.80951219512196;42.85634146341462;40.92463414634146;23.194390243902436;27588.05512195122;0.29317073170731706
"Canada";2008;192639.12000000002;92113.4;44.97051282051281;44.212564102564116;40.90230769230768;24.06358974358975;25354.7376923077;0.24871794871794878
"Canada";2009;188287.9700000001;81568.06;41.846;47.589999999999996;39.61914285714287;25.14914285714286;25314.22857142857;0.2528571428571429
"Canada";2010;161352.86999999994;75421.76999999999;52.169642857142854;43.96607142857143;41.59357142857142;26.647857142857152;26373.568214285715;0.3339285714285714
"Canada";2011;203117.36999999997;98884.28;51.114186046511634;38.73441860465117;40.732790697674425;27.29348837209302;23641.05093023256;0.2983720930232559
"Canada";2012;189065.43999999997;75439.3;44.09027777777778;44.39111111111109;42.933611111111105;27.530277777777783;21223.935555555552;0.2519444444444445
"Canada";2013;219308.99;140469.17;47.19282608695651;46.708260869565216;40.13347826086955;24.582826086956516;27284.041956521738;0.2749999999999999
"Canada";2014;181386.70000000004;106581.15000000001;51.98263157894736;48.26157894736841;39.80815789473685;21.641842105263155;23758.87105263158;0.26421052631578945
"Canada";2015;279124.11;140277.08000000002;44.75105263157894;43.191228070175434;37.72456140350878;25.67701754385965;25210.277719298236;0.2673684210526315
"Canada";2016;207169.25999999995;107731.85;55.250000000000014;37.1413157894737;42.82763157894736;24.132368421052643;27995.65342105264;0.31921052631578944
"Canada";2017;225814.09000000003;99647.08000000002;46.412;41.1005;41.74600000000001;25.754250000000003;26814.250500000002;0.27999999999999997
"Canada";2018;177738.80000000002;91442.75000000001;45.07216216216217;47.42540540540541;40.39189189189189;24.653783783783783;23179.13513513513;0.27459459459459457
"Canada";2019;221301.8;126510.42000000003;49.20745098039215;49.55627450980393;38.710588235294125;24.936666666666667;24266.12960784313;0.2898039215686275
"Canada";2020;245122.51999999993;147048.77999999997;46.24384615384617;44.4025;40.508461538461546;25.11769230769231;25287.80307692307;0.2890384615384616
"Canada";2021;234761.78000000003;113209.79000000004;44.95782608695652;46.85586956521738;40.982391304347836;24.07565217391305;26545.922173913048;0.3019565217391305
"Canada";2022;154678.77999999997;92740.52999999998;48.25783783783783;38.498378378378376;39.411081081081086;25.70081081081081;24443.858378378376;0.20756756756756767
"Canada";2023;232026.26000000004;109043.46000000002;51.967954545454546;46.53613636363638;41.45590909090908;26.370909090909095;26256.385454545452;0.29750000000000004
"Canada";2024;211405.51999999996;115038.67000000001;46.18214285714287;45.85976190476191;42.84119047619048;26.169047619047618;24150.606904761906;0.2745238095238095
"China";2000;218740.66999999998;105277.90999999997;46.42431818181817;45.603636363636376;37.6240909090909;22.481590909090908;24544.62931818182;0.2827272727272727
"China";2001;157240.14000000004;80887.44;48.81117647058824;44.23499999999999;43.16264705882354;25.649411764705878;21630.80911764706;0.2952941176470588
"China";2002;109178.25000000003;62469.95999999999;41.69565217391304;47.05173913043478;40.20304347826087;24.60782608695653;27737.258695652174;0.2778260869565217
"China";2003;232275.93000000002;124465.81;47.66791666666668;45.35062499999999;38.71541666666668;25.063750000000002;27001.477708333332;0.27875
"China";2004;234006.65999999997;99240.01000000001;43.60000000000001;46.224999999999994;39.87349999999999;23.943999999999996;25838.912750000007;0.27275000000000005
"China";2005;223598.36;99602.34000000001;49.169318181818156;46.020454545454555;36.69795454545454;26.072727272727267;24862.22681818182;0.32318181818181824
"China";2006;213492.17000000004;104018.49000000002;53.82674999999999;48.1215;35.961999999999996;25.58125;23883.727250000004;0.23999999999999994
"China";2007;207856.65000000002;111420.74999999997;41.27023255813953;45.78232558139535;39.310697674418606;25.120465116279078;26866.362790697673;0.272093023255814
"China";2008;187739.33000000002;94604.76000000004;43.07783783783785;47.23972972972973;41.46459459459461;24.024864864864867;23950.541891891895;0.28135135135135136
"China";2009;247505.23999999993;130651.08;45.43208333333332;42.95270833333334;38.75375000000001;25.307291666666654;22634.67770833333;0.2602083333333334
"China";2010;136447.78;80605.19999999998;48.23655172413792;43.928275862068965;35.972068965517245;24.58;23635.48413793103;0.2786206896551724
"China";2011;215903.39000000004;118764.22;52.62048780487805;45.05390243902439;41.14585365853659;25.682926829268293;25062.063414634144;0.2875609756097561
"China";2012;193847.12000000002;97371.95999999999;51.79342105263157;44.38526315789475;39.723684210526315;23.411842105263155;22964.26868421052;0.2821052631578947
"China";2013;163899.43;93077.11;54.22971428571429;47.609142857142864;40.11371428571429;24.358000000000004;30162.75914285715;0.33
"China";2014;266819.07;119213.95000000003;48.98999999999999;46.426595744680846;42.288510638297865;25.888723404255323;26306.466595744685;0.26829787234042546
"China";2015;179805.87;96266.24999999999;46.15820512820513;50.79846153846154;38.643333333333345;24.90025641025641;29072.98153846154;0.2874358974358974
"China";2016;224725.66;130992.6;47.89519230769231;45.67500000000002;40.19961538461538;25.599230769230765;26513.64115384615;0.2767307692307693
"China";2017;195058.89;109448.37;42.64611111111111;48.680277777777775;39.245000000000005;26.965833333333336;21038.211388888885;0.245
"China";2018;201468.16;113085.39;47.95090909090911;42.52431818181819;38.33772727272727;26.70340909090909;25483.305227272725;0.27568181818181814
"China";2019;164525.67000000004;77080.21;42.43633333333332;52.56400000000001;42.24433333333333;25.446666666666662;22964.799999999996;0.315
"China";2020;189540.21;89141.9;41.889714285714284;48.53485714285714;41.31142857142857;26.714;26065.49428571429;0.2902857142857143
"China";2021;239222.36999999997;104145.90999999999;39.195116279069765;46.23883720930234;43.419302325581405;25.131162790697676;23487.861860465113;0.27395348837209293
"China";2022;142205.55;98872.72999999998;52.98941176470589;39.1614705882353;40.84176470588234;24.252941176470593;26982.13970588235;0.27970588235294125
"China";2023;213014.29000000007;113429.09999999999;46.68837209302324;45.56813953488372;39.43279069767442;28.049302325581394;27464.250930232552;0.28023255813953496
"China";2024;202998.30000000005;103776.92000000003;48.46526315789472;45.50684210526316;42.04921052631579;25.629210526315784;26335.893684210536;0.29578947368421055
"Germany";2000;166062.79;85770.83;44.75457142857143;46.56457142857142;40.938;25.32542857142857;22141.81942857143;0.2917142857142857
"Germany";2001;243478.98;98438.14;60.468913043478274;46.68717391304348;39.01500000000001;24.819782608695647;26383.502391304355;0.2358695652173913
"Germany";2002;129936.15000000001;73671.67999999998;38.964285714285715;43.02178571428573;37.42142857142857;26.093928571428567;26593.954642857145;0.25035714285714283
"Germany";2003;203930.52000000002;95817.90999999999;50.16525;41.59025000000001;42.90699999999999;24.625500000000002;26258.396249999998;0.2635
"Germany";2004;199085.47;104962.59000000003;43.43282051282052;42.44666666666668;41.29999999999999;24.534615384615392;24133.957435897442;0.24538461538461548
"Germany";2005;232107.26000000004;118696.81;48.54363636363639;44.67613636363637;39.92318181818182;25.268636363636357;22752.49068181818;0.26545454545454544
"Germany";2006;171610.90000000002;84386.39000000001;54.13828571428572;55.157714285714285;41.52285714285715;24.426857142857145;25485.381428571425;0.22400000000000003
"Germany";2007;183001.95999999996;91780.22;45.55764705882354;42.6085294117647;40.44941176470588;25.42;25975.807647058824;0.29176470588235287
"Germany";2008;175110.35000000003;87846.44999999998;44.27805555555555;47.49361111111111;43.75138888888888;26.131944444444443;27711.12972222222;0.265
"Germany";2009;189361.61999999997;82968.87;51.1642424242424;47.92242424242422;39.098787878787874;23.095757575757574;29087.61212121212;0.2687878787878788
"Germany";2010;189622.05999999994;73464.37999999999;47.362187500000005;46.08531250000001;35.89812500000001;26.130312499999995;25789.094374999997;0.25906250000000003
"Germany";2011;169874.0;83267.61;46.27382352941176;36.905;41.20058823529411;23.045;20251.687647058825;0.2997058823529412
"Germany";2012;150664.81;81632.87999999998;43.06166666666665;46.117666666666665;40.855;26.169666666666668;22492.33666666667;0.24399999999999997
"Germany";2013;244694.24999999994;106078.66999999997;39.883750000000006;47.88099999999999;39.95175;23.32725;25088.21325;0.24650000000000002
"Germany";2014;229704.06999999992;113620.57;47.04078431372549;47.244313725490194;39.21901960784314;27.340392156862745;24546.72215686275;0.26588235294117646
"Germany";2015;250363.46999999997;116233.53999999996;43.882000000000005;41.1;39.94022222222222;25.418444444444443;21236.122000000007;0.2222222222222222
"Germany";2016;182726.71999999997;99360.87;41.88800000000001;48.831714285714284;40.75028571428572;23.110571428571426;27706.28371428571;0.23142857142857146
"Germany";2017;234492.22999999995;126230.19;44.601000000000006;43.86340000000001;41.805600000000005;24.1008;26163.310799999992;0.27359999999999995
"Germany";2018;141926.41;78658.83;49.34636363636364;44.52515151515152;42.69212121212121;26.409999999999997;22220.990606060604;0.2954545454545455
"Germany";2019;273262.44999999995;111832.45999999999;41.88782608695652;46.749782608695625;42.439347826086966;25.65239130434783;23120.49086956522;0.2749999999999999
"Germany";2020;270388.36000000004;131128.44999999998;48.741800000000005;49.93039999999999;38.6306;23.021399999999993;23308.7658;0.2796000000000001
"Germany";2021;249417.54000000004;102793.36000000002;42.68139534883722;44.04232558139536;40.809767441860465;24.066511627906973;22488.139767441855;0.28186046511627916
"Germany";2022;253880.0499999999;117617.13999999997;44.59600000000001;48.0548888888889;36.970222222222226;26.10511111111111;24867.427333333333;0.28422222222222215
"Germany";2023;167784.93;95253.72000000002;45.54210526315791;42.25657894736842;42.08473684210526;26.429736842105257;22795.845526315796;0.25157894736842107
"Germany";2024;131719.11;64775.67;48.12862068965517;41.28;41.239655172413805;25.515172413793103;24655.03482758621;0.23310344827586213
"India";2000;152724.84;70765.30999999998;43.740303030303025;45.74484848484849;40.32030303030303;24.11878787878788;25371.750303030305;0.2772727272727273
"India";2001;206040.12999999998;102669.39999999998;50.250512820512824;42.72846153846154;41.4851282051282;23.36948717948718;28772.26974358974;0.2392307692307692
"India";2002;171904.45999999996;71870.78999999998;49.095666666666666;44.794000000000004;40.854000000000006;26.981666666666673;24502.673;0.2803333333333334
"India";2003;217603.38999999998;102257.87999999998;38.883333333333326;46.992051282051264;39.699999999999996;26.997948717948713;27904.05205128205;0.3012820512820515
"India";2004;170632.22999999998;93217.02000000002;47.401388888888874;47.73277777777778;39.5925;21.79777777777777;26244.85916666667;0.3041666666666667
"India";2005;252627.68;104517.96999999999;44.32000000000001;41.777142857142834;38.27333333333333;25.293571428571422;23030.287857142863;0.29380952380952374
"India";2006;197950.01000000007;94975.92000000001;50.59303030303029;53.63212121212121;42.07757575757575;27.448787878787886;20428.569393939397;0.24303030303030307
"India";2007;218175.74000000002;104229.58999999997;50.57399999999999;46.40825000000001;37.619249999999994;25.200499999999995;24871.815000000006;0.25150000000000006
"India";2008;219850.41000000003;98300.78000000001;45.62097560975611;45.01609756097561;42.14487804878049;25.55439024390244;25264.088048780486;0.26804878048780495
"India";2009;162323.00000000003;95018.33999999995;48.54378378378377;44.93756756756758;38.68756756756756;26.097567567567573;25228.655945945946;0.2672972972972973
"India";2010;189964.52000000002;98468.81999999999;44.17000000000001;39.143421052631574;38.61368421052632;25.827894736842108;27077.337368421053;0.25815789473684214
"India";2011;185492.93000000002;68580.32999999999;44.49121212121213;39.98999999999999;39.53424242424242;23.783636363636372;23304.886666666665;0.273939393939394
"India";2012;256452.81000000003;136659.33000000002;52.16314814814817;49.83796296296297;41.48407407407407;25.466481481481477;25823.115740740745;0.24000000000000002
"India";2013;235311.81;92053.55;45.02230769230769;47.29410256410256;39.189743589743586;23.615897435897434;25985.986666666664;0.2676923076923078
"India";2014;191467.24999999997;95777.12999999998;42.175675675675684;43.78594594594594;38.741081081081084;23.661351351351353;23031.547837837832;0.2810810810810811
"India";2015;284047.95;128393.48000000001;46.88882352941175;42.34196078431372;41.121568627451;24.107450980392166;22932.045490196077;0.2362745098039217
"India";2016;233566.88999999998;124431.5;46.777333333333345;46.938222222222215;39.67799999999999;25.623555555555555;20494.82511111111;0.2782222222222223
"India";2017;254368.98000000004;119366.27;49.34117647058824;43.07666666666666;42.609803921568634;25.019215686274514;24862.4074509804;0.2545098039215686
"India";2018;287561.32999999996;131940.33000000002;56.45749999999999;49.19769230769229;40.489615384615384;25.099038461538463;25650.752500000006;0.26403846153846156
"India";2019;197525.20999999996;88873.71000000002;50.535937499999996;45.661562499999995;40.851875;28.444687500000008;21551.994375000002;0.30656249999999996
"India";2020;238187.52;129459.91000000002;47.677727272727275;41.66090909090909;37.68750000000001;22.654772727272732;23350.192045454543;0.2890909090909092
"India";2021;154450.90999999997;72149.19999999998;47.29181818181817;41.21575757575758;38.902424242424225;22.636666666666663;22188.417878787885;0.24939393939393947
"India";2022;236272.86999999997;139769.13999999998;52.01479166666667;46.639166666666675;39.25750000000001;27.295833333333334;24709.14416666666;0.2791666666666666
"India";2023;198070.65000000002;86910.23;45.49216216216216;49.66648648648649;42.35162162162162;27.720810810810818;25293.071081081074;0.2991891891891893
"India";2024;133231.14;83981.53;47.470625;38.5284375;40.9421875;27.794999999999995;21407.8521875;0.27156249999999993
"Japan";2000;176558.68000000002;87094.25999999998;43.38657142857142;45.999714285714276;41.847714285714275;23.170000000000005;24890.766857142855;0.29342857142857137
"Japan";2001;187204.63000000003;104380.03000000001;47.72073170731708;44.12731707317073;40.44073170731707;26.53682926829268;25903.307560975612;0.2963414634146342
"Japan";2002;190124.56;96300.98000000001;45.360681818181824;45.76045454545454;40.41318181818181;25.593636363636367;26807.283863636363;0.27999999999999997
"Japan";2003;221216.99999999997;104469.72999999998;46.74953488372092;48.44279069767442;38.91279069767442;25.40418604651163;22301.523488372088;0.24232558139534888
"Japan";2004;176468.41000000006;79896.53999999998;46.54314285714285;48.451428571428565;40.336;23.776571428571433;26087.24428571429;0.27028571428571435
"Japan";2005;236274.41;112059.96;49.41162790697675;47.628604651162796;38.40651162790698;24.30999999999999;27474.655116279067;0.2751162790697674
"Japan";2006;188067.18;103828.19;49.73048780487804;45.888780487804866;40.64999999999999;27.609512195121948;23177.915609756103;0.2704878048780488
"Japan";2007;220508.50999999998;82996.54;44.13421052631578;41.1942105263158;41.072631578947366;23.753421052631584;25001.471052631576;0.2555263157894736
"Japan";2008;181695.57999999996;107651.00999999998;41.64411764705883;43.60411764705883;38.57647058823529;28.684705882352947;24575.610882352943;0.30147058823529405
"Japan";2009;285610.0200000001;128912.18000000002;48.36914893617022;46.33659574468084;40.332765957446796;27.87234042553193;20896.95574468085;0.2721276595744681
"Japan";2010;170889.41999999998;72926.90999999999;47.51535714285715;48.98392857142858;38.34928571428571;25.373571428571434;23490.33821428571;0.2592857142857143
"Japan";2011;233913.87999999992;106976.37000000001;49.7109090909091;41.276363636363634;39.984772727272734;23.802954545454543;23792.18590909091;0.26045454545454555
"Japan";2012;226246.71000000002;104951.7;48.83894736842105;43.61763157894736;39.582894736842114;25.410789473684215;24429.706315789474;0.28684210526315784
"Japan";2013;223712.13000000003;113546.4;46.70840909090909;49.06227272727272;39.857045454545464;24.601363636363633;24696.477954545462;0.26318181818181813
"Japan";2014;230918.23999999996;117883.02;46.499607843137255;41.88803921568628;40.38745098039215;24.232156862745104;25647.785294117653;0.24490196078431373
"Japan";2015;232737.44999999995;102763.54000000001;47.16000000000001;38.935;43.691750000000006;23.32125;23961.772999999997;0.26575
"Japan";2016;275001.93999999994;124596.86000000002;47.630833333333335;44.71062499999999;41.135625000000005;25.103125000000002;24050.216875;0.29250000000000004
"Japan";2017;220737.43999999997;100387.20000000001;43.543863636363646;40.787499999999994;37.89568181818183;23.690909090909088;20292.74090909091;0.29545454545454547
"Japan";2018;234265.74999999997;105690.68000000001;45.90720930232556;40.23860465116279;39.8553488372093;24.73767441860465;24259.3111627907;0.2774418604651164
"Japan";2019;240344.0699999999;111329.75;40.73804347826086;42.62586956521739;39.18630434782609;25.88173913043478;23108.750869565218;0.28260869565217406
"Japan";2020;196250.97000000003;79770.04000000002;51.17;41.81485714285714;38.114;24.22028571428571;23592.620857142854;0.2871428571428571
"Japan";2021;168774.9;66147.03;51.603928571428575;38.31392857142857;39.505357142857136;24.514642857142857;28175.112142857146;0.2989285714285714
"Japan";2022;179540.81;81628.17;48.61125;47.4821875;40.71937500000001;23.0253125;29783.952187500006;0.2928125000000001
"Japan";2023;201362.59999999998;124532.08000000003;54.02204545454544;50.3856818181818;39.932045454545445;23.650681818181816;26117.87272727272;0.280909090909091
"Japan";2024;149387.87999999995;82472.2;46.09035714285714;46.90142857142859;37.261428571428574;24.0425;24208.984999999997;0.26321428571428573
"Russia";2000;152877.31000000006;87054.47;52.68647058823529;45.17735294117648;38.506470588235295;26.930000000000007;28208.306764705878;0.2979411764705882
"Russia";2001;191869.09999999998;93023.39000000001;47.94100000000001;39.21500000000002;40.367250000000006;25.845499999999998;30137.61374999999;0.287
"Russia";2002;245093.1;110027.84000000001;51.32818181818182;44.267727272727264;41.73704545454544;26.233636363636364;25991.98545454546;0.28818181818181815
"Russia";2003;173135.6;81830.31999999999;43.43249999999999;47.656111111111116;42.79583333333333;23.681111111111107;26589.358333333334;0.2436111111111112
"Russia";2004;237865.22000000006;90417.66000000003;49.49473684210526;44.84999999999999;40.95868421052633;25.318684210526314;22746.912368421046;0.27736842105263154
"Russia";2005;149099.6;92101.0;46.81205882352941;42.49441176470588;38.81382352941176;25.367352941176474;21986.32352941176;0.2779411764705882
"Russia";2006;195939.26000000004;105280.19;45.941333333333326;42.806222222222225;38.27911111111111;24.897555555555552;21757.161999999997;0.2566666666666667
"Russia";2007;227801.98;113541.51;50.66404255319149;48.264042553191494;37.10936170212766;23.409787234042557;26560.51489361702;0.2595744680851064
"Russia";2008;229645.69000000003;102102.79;51.03574999999999;39.092250000000014;42.017;23.927;24769.7545;0.2612500000000001
"Russia";2009;258250.81;147608.51;44.30096153846155;44.396346153846174;40.334230769230764;25.854230769230774;23592.735961538463;0.2571153846153846
"Russia";2010;166171.56999999998;93962.51000000001;50.721428571428575;41.41657142857143;39.71600000000001;23.447999999999997;22508.25571428571;0.2759999999999999
"Russia";2011;185895.76;76005.63000000003;43.334545454545456;48.21363636363637;38.866363636363644;24.37484848484848;29475.43454545455;0.2690909090909091
"Russia";2012;168768.91999999998;95070.91000000002;41.82555555555555;44.923611111111114;42.82611111111111;28.592499999999998;25132.080277777786;0.27916666666666673
"Russia";2013;145025.00999999995;70771.18;49.227931034482765;44.75620689655172;39.598275862068974;26.20620689655172;24350.422068965512;0.26655172413793105
"Russia";2014;232079.91;110951.04000000002;43.84204545454545;46.96727272727273;38.28931818181818;24.105000000000004;26492.783863636363;0.2902272727272726
"Russia";2015;155452.39;90004.10999999999;51.43742857142857;44.76914285714285;37.95542857142858;26.023714285714284;29562.594285714284;0.2677142857142857
"Russia";2016;193324.33999999997;97451.3;52.9279411764706;46.51588235294116;40.03823529411765;23.187058823529405;22030.90117647059;0.28117647058823525
"Russia";2017;103822.93999999999;67171.04000000001;38.40875;41.709999999999994;39.16625;24.34833333333333;25436.674166666675;0.29083333333333344
"Russia";2018;229076.30000000002;81199.09000000001;47.4853488372093;47.152790697674405;37.25186046511629;25.449302325581392;24982.097441860464;0.27767441860465125
"Russia";2019;176252.25999999998;73822.52;44.817647058823525;45.34235294117647;42.944411764705876;25.00235294117647;24418.08911764706;0.2382352941176471
"Russia";2020;228971.15999999995;102356.79999999997;50.629250000000006;43.39399999999999;39.816750000000006;23.445000000000004;27648.26275;0.23899999999999993
"Russia";2021;166188.43999999997;82733.36999999998;44.811052631578946;44.032105263157895;40.25921052631579;24.181578947368422;25511.66815789474;0.2700000000000001
"Russia";2022;217105.93999999997;109202.65;50.6857142857143;48.300952380952374;40.29142857142857;25.000476190476185;25888.064047619046;0.23833333333333345
"Russia";2023;246051.71;134569.59;43.489399999999996;45.80259999999999;40.2754;23.559199999999997;23461.807000000008;0.27399999999999997
"Russia";2024;215712.88000000003;102273.95;55.4905;46.9675;39.5355;26.648000000000003;27773.059749999997;0.27775000000000005
"UK";2000;225644.28000000003;112710.66;51.17155555555555;39.57377777777778;39.557111111111105;24.78955555555556;21880.506444444443;0.29844444444444446
"UK";2001;237189.46000000005;104288.65000000001;49.990465116279076;51.36046511627907;39.96697674418605;24.081162790697675;26292.36906976745;0.288372093023256
"UK";2002;240107.78;122965.74000000002;44.77770833333333;45.09041666666666;40.244374999999984;24.506249999999998;24593.085833333334;0.269375
"UK";2003;239012.98999999996;133186.94999999995;53.61521739130435;40.52717391304347;36.088260869565204;25.324347826086957;30020.62260869566;0.2923913043478261
"UK";2004;175338.24000000002;86678.38;46.73617647058825;43.6285294117647;43.87647058823529;25.185882352941185;27678.642647058827;0.27676470588235297
"UK";2005;148403.89;63112.19999999999;53.777142857142856;40.20392857142857;36.65392857142859;24.763214285714287;23104.505000000005;0.2682142857142857
"UK";2006;181061.34;84350.89000000001;44.34323529411765;38.16499999999999;40.47029411764706;24.917941176470592;25196.137647058815;0.27
"UK";2007;249894.47999999995;130745.18999999999;49.73469387755104;43.442040816326525;36.89999999999999;24.783265306122452;27340.601632653063;0.2610204081632654
"UK";2008;152041.91;77823.57000000002;43.935483870967744;43.106451612903214;37.20709677419355;26.654516129032256;23564.795161290323;0.3551612903225807
"UK";2009;196016.26000000007;113358.31999999999;45.36813953488372;45.35255813953489;38.88953488372093;27.038139534883722;25667.907441860465;0.3011627906976744
"UK";2010;248662.65000000002;108955.97999999998;57.04690476190477;52.65214285714284;40.3697619047619;23.517857142857146;25335.152142857147;0.26357142857142857
"UK";2011;236931.33;127659.27;51.91340425531916;41.627234042553184;41.054255319148936;26.796595744680847;24557.01468085106;0.2819148936170214
"UK";2012;270541.18000000005;123326.92000000001;45.83160000000001;49.31099999999998;39.06;24.571199999999994;26762.092399999987;0.28240000000000004
"UK";2013;206628.94999999998;101504.11999999998;45.24769230769231;40.26282051282051;39.10641025641025;26.012820512820515;28780.86051282051;0.3151282051282052
"UK";2014;186807.06000000003;102008.40999999999;41.11368421052631;44.9736842105263;38.49552631578947;23.27815789473684;21069.349736842105;0.2847368421052632
"UK";2015;206616.04000000007;108828.63;47.10638888888888;46.01305555555555;43.89138888888889;24.44694444444444;23558.24555555555;0.27638888888888885
"UK";2016;195209.62999999998;105369.52;39.607560975609765;50.35780487804877;37.953170731707324;25.025365853658542;27234.979024390243;0.2797560975609757
"UK";2017;204089.37000000002;85296.61000000003;43.19;44.64815789473685;42.22157894736843;21.80184210526316;26106.35052631579;0.26342105263157906
"UK";2018;250747.85999999996;101023.80000000002;48.2331914893617;43.85978723404255;39.980212765957454;25.648510638297868;21213.141063829786;0.2459574468085107
"UK";2019;270321.31;119081.83;47.08510204081633;43.04081632653063;40.289795918367346;25.528571428571425;27498.70959183673;0.303061224489796
"UK";2020;179216.49000000005;95393.57;45.471714285714285;46.06114285714286;39.35514285714286;24.401142857142855;25579.803142857138;0.26857142857142857
"UK";2021;273631.48;120388.70999999996;41.81095238095238;43.756904761904764;41.42333333333334;26.9897619047619;22536.084761904767;0.2688095238095238
"UK";2022;235962.5;95690.51999999999;53.24833333333334;40.58833333333333;38.646190476190476;25.600714285714286;26307.88476190476;0.2800000000000001
"UK";2023;192873.40000000002;75694.15999999997;43.49500000000001;42.108999999999995;40.51100000000001;23.547500000000003;28459.46425;0.29750000000000015
"UK";2024;238140.29000000004;127015.41999999994;40.64234042553191;48.054893617021264;40.791276595744684;23.916170212765962;22592.20212765957;0.2719148936170213
"USA";2000;213780.79;91263.5;48.99282051282051;48.57333333333332;40.665384615384625;25.36461538461538;25701.259743589748;0.27358974358974353
"USA";2001;199119.77999999997;115636.26;49.71974358974358;52.54410256410256;40.943846153846145;22.11;23942.819230769233;0.25179487179487176
"USA";2002;258216.70999999996;111641.31;42.224375;45.89354166666666;40.282916666666665;26.087083333333336;22036.29375;0.2858333333333332
"USA";2003;249121.30999999997;128865.87000000002;51.00673913043478;42.31130434782609;39.62347826086957;24.403260869565212;24228.357173913042;0.26717391304347826
"USA";2004;178102.85000000003;85180.02;43.019189189189184;43.17351351351352;39.46405405405405;24.08324324324324;25002.590810810805;0.2794594594594595
"USA";2005;227289.55;127800.99;52.038125;49.868958333333325;40.162291666666675;25.831875000000007;24981.330833333326;0.3179166666666666
"USA";2006;227989.8;112986.80999999997;47.615319148936194;45.61234042553192;39.75361702127659;24.99851063829787;24670.760212765956;0.2963829787234042
"USA";2007;225304.52000000005;100849.90000000001;51.52261904761905;43.58;39.79666666666667;26.01047619047619;22728.69047619048;0.3050000000000001
"USA";2008;238449.6;124793.65000000001;50.55791666666665;44.48875000000001;40.245000000000005;24.42125;24745.193124999994;0.2710416666666667
"USA";2009;198262.36;105802.83000000003;48.03315789473683;43.1621052631579;39.46052631578948;22.593421052631577;22739.758684210527;0.28763157894736846
"USA";2010;114293.5;56716.659999999996;42.59913043478261;43.81347826086957;41.201739130434774;22.522173913043478;26307.63608695652;0.28434782608695647
"USA";2011;208737.43999999997;89727.04999999999;47.21512195121952;39.18000000000001;43.77731707317073;27.36463414634146;29129.001707317075;0.28365853658536594
"USA";2012;316780.48000000004;119670.96;44.10703703703703;42.67629629629628;37.99018518518518;25.634444444444444;22835.8437037037;0.25351851851851853
"USA";2013;232816.71999999997;87418.8;46.583023255813956;43.604651162790695;43.264651162790706;25.11139534883721;24611.149999999998;0.2667441860465116
"USA";2014;224730.86999999997;99100.74999999999;46.25052631578947;49.69499999999999;43.275526315789484;23.775526315789467;28079.359473684202;0.28921052631578953
"USA";2015;189866.94;80845.38000000002;47.05205882352942;47.317647058823525;36.98235294117647;24.76617647058823;25517.113235294117;0.2770588235294117
"USA";2016;274012.2;103829.53000000001;51.29022727272725;46.16590909090909;39.230681818181814;24.652272727272724;26890.11045454546;0.2725
"USA";2017;209286.43999999997;113044.76;51.16000000000002;42.52684210526315;40.63552631578947;23.311315789473692;29838.580263157888;0.2578947368421053
"USA";2018;235363.13999999998;85775.93000000001;46.543414634146345;39.81878048780488;38.45878048780489;28.394146341463404;25529.770487804875;0.25682926829268293
"USA";2019;238757.78999999998;139720.26999999993;50.21391304347824;45.87673913043478;39.43586956521739;23.378043478260867;24486.828043478257;0.2608695652173914
"USA";2020;254635.67;117327.57;51.208666666666645;48.21800000000002;41.632222222222225;25.823555555555558;23587.894666666663;0.24444444444444444
"USA";2021;268535.87;132677.35000000003;50.46058823529411;45.07823529411764;40.32607843137256;25.443725490196073;24416.19490196079;0.28803921568627455
"USA";2022;223787.8;124923.62999999999;42.7234090909091;46.5784090909091;41.602045454545454;25.72227272727273;25874.859772727275;0.25999999999999995
"USA";2023;222555.04000000004;101064.6;48.973095238095254;46.290714285714294;39.167619047619056;24.455238095238094;23586.355238095235;0.24666666666666665
"USA";2024;175813.23999999996;85821.87999999999;50.9891891891892;39.181891891891894;38.24891891891891;25.24648648648649;26660.461351351343;0.2848648648648648
